Workbook
Name Discount: Table1[[#All],[Discount]]
Name unit: Table1[Discount]

Sheet Sheet1
A1: Discount | B1: 0.25 | C1: Column1 | D1: Column2 | E1: Column3
A2: Unit Price | B2: Unit | C2: Total sales | D2: Discount Price | E2: After Discount
A3: 5675 | B3: 10 | C3: =A3*B3 -> 56750 | D3: =C3*$B$1 -> 14187.5 | E3: =C3-D3 -> 42562.5 | J3: 1 | K3: 2 | L3: 3 | M3: 4 | N3: 5
A4: 3621 | B4: 9 | C4: =A4*B4 -> 32589 | D4: =C4*$B$1 -> 8147.25 | E4: =C4-D4 -> 24441.75 | I4: 10 | J4: =$I4*J$3 -> 10 | K4: =$I4*K$3 -> 20 | L4: =$I4*L$3 -> 30 | M4: =$I4*M$3 -> 40 | N4: =$I4*N$3 -> 50
A5: 2633 | B5: 7 | C5: =A5*B5 -> 18431 | D5: =C5*$B$1 -> 4607.75 | E5: =C5-D5 -> 13823.25 | I5: 20 | J5: =$I5*J$3 -> 20 | K5: =$I5*K$3 -> 40 | L5: =$I5*L$3 -> 60 | M5: =$I5*M$3 -> 80 | N5: =$I5*N$3 -> 100
A6: 2575 | B6: 10 | C6: =A6*B6 -> 25750 | D6: =C6*$B$1 -> 6437.5 | E6: =C6-D6 -> 19312.5 | I6: 30 | J6: =$I6*J$3 -> 30 | K6: =$I6*K$3 -> 60 | L6: =$I6*L$3 -> 90 | M6: =$I6*M$3 -> 120 | N6: =$I6*N$3 -> 150
A7: 4631 | B7: 5 | C7: =A7*B7 -> 23155 | D7: =C7*$B$1 -> 5788.75 | E7: =C7-D7 -> 17366.25 | I7: 40 | J7: =$I7*J$3 -> 40 | K7: =$I7*K$3 -> 80 | L7: =$I7*L$3 -> 120 | M7: =$I7*M$3 -> 160 | N7: =$I7*N$3 -> 200
A8: 3779 | B8: 3 | C8: =A8*B8 -> 11337 | D8: =C8*$B$1 -> 2834.25 | E8: =C8-D8 -> 8502.75 | I8: 50 | J8: =$I8*J$3 -> 50 | K8: =$I8*K$3 -> 100 | L8: =$I8*L$3 -> 150 | M8: =$I8*M$3 -> 200 | N8: =$I8*N$3 -> 250
A9: 5085 | B9: 9 | C9: =A9*B9 -> 45765 | D9: =C9*$B$1 -> 11441.25 | E9: =C9-D9 -> 34323.75
A10: 4248 | B10: 8 | C10: =A10*B10 -> 33984 | D10: =C10*$B$1 -> 8496 | E10: =C10-D10 -> 25488
A11: 1655 | B11: 5 | C11: =A11*B11 -> 8275 | D11: =C11*$B$1 -> 2068.75 | E11: =C11-D11 -> 6206.25
A12: 4856 | B12: 3 | C12: =A12*B12 -> 14568 | D12: =C12*$B$1 -> 3642 | E12: =C12-D12 -> 10926
B13: sum | C13: =SUM(C3:C12) -> 270604 | D13: =C13*$B$1 -> 67651 | E13: =C13-D13 -> 202953
B14: count | C14: =COUNT(C3:C12) -> 10 | D14: =C14*$B$1 -> 2.5 | E14: =C14-D14 -> 7.5 | G14: =SUM(unit,Table1[[#Headers],[0.25]]) -> 38758
B15: counta | C15: =COUNTA(C3:C12) -> 10 | G15: =SUM(unit) -> 38758
B16: average | C16: =AVERAGE(C3:C12) -> 27060.4
B17: min | C17: =MIN(C3:C12) -> 8275
B18: max | C18: =MAX(C3:C12) -> 56750
B19: mod | C19: =MOD(C11,C12) -> 8275
B20: power | C20: =POWER(10,2) -> 100
B21: abs | C21: =ABS(48) -> 48
B22: round | C22: =ROUND(3.14512,3) -> 3.145
B23: roundup | C23: =ROUNDUP(3.145,0) -> 4
B24: rounddown | C24: =C22 -> 3.145

Sheet Sheet2
A1: {=unit} -> Unit Price | B1: su | D1: =SUM(Discount) -> 38758
A2: 5675 | D2: =_xleta.DISC -> #VALUE!
A3: 3621 | D3: {=Discount} -> Discount
A4: 2633 | D4: Unit Price
A5: 2575 | D5: 5675
A6: 4631 | D6: 3621
A7: 3779 | D7: 2633
A8: 5085 | D8: 2575
A9: 4248 | D9: 4631 | I9: Discount | J9: 0.25 | K9: Column1 | L9: Column2 | M9: Column3
A10: 1655 | D10: 3779 | I10: Unit Price | J10: Unit | K10: Total sales | L10: Discount Price | M10: After Discount
A11: 4856 | D11: 5085 | I11: 5675 | J11: 10 | K11: =I11*J11 -> 56750 | L11: =K11*$B$1 -> #VALUE! | M11: =K11-L11 -> #VALUE!
A12: 0 | D12: 4248 | I12: 3621 | J12: 9 | K12: =I12*J12 -> 32589 | L12: =K12*$B$1 -> #VALUE! | M12: =K12-L12 -> #VALUE!
D13: 1655 | I13: 2633 | J13: 7 | K13: =I13*J13 -> 18431 | L13: =K13*$B$1 -> #VALUE! | M13: =K13-L13 -> #VALUE!
D14: 4856 | I14: 2575 | J14: 10 | K14: =I14*J14 -> 25750 | L14: =K14*$B$1 -> #VALUE! | M14: =K14-L14 -> #VALUE!
D15: 0 | I15: 4631 | J15: 5 | K15: =I15*J15 -> 23155 | L15: =K15*$B$1 -> #VALUE! | M15: =K15-L15 -> #VALUE!
I16: 3779 | J16: 3 | K16: =I16*J16 -> 11337 | L16: =K16*$B$1 -> #VALUE! | M16: =K16-L16 -> #VALUE!
I17: 5085 | J17: 9 | K17: =I17*J17 -> 45765 | L17: =K17*$B$1 -> #VALUE! | M17: =K17-L17 -> #VALUE!
I18: 4248 | J18: 8 | K18: =I18*J18 -> 33984 | L18: =K18*$B$1 -> #VALUE! | M18: =K18-L18 -> #VALUE!
I19: 1655 | J19: 5 | K19: =I19*J19 -> 8275 | L19: =K19*$B$1 -> #VALUE! | M19: =K19-L19 -> #VALUE!
I20: 4856 | J20: 3 | K20: =I20*J20 -> 14568 | L20: =K20*$B$1 -> #VALUE! | M20: =K20-L20 -> #VALUE!
J21: sum | K21: =SUM(K11:K20) -> 270604 | L21: =K21*$B$1 -> #VALUE! | M21: =K21-L21 -> #VALUE!

Sheet Sheet4
B1: 1 | C1: 2 | D1: 3 | E1: 4 | F1: 5
A2: 10 | B2: =$I2*B$3 -> 10 | C2: =$I2*C$3 -> 20 | D2: =$I2*D$3 -> 30 | E2: =$I2*E$3 -> 40 | F2: =$I2*F$3 -> 50
A3: 20 | B3: =$I3*B$3 -> 20 | C3: =$I3*C$3 -> 40 | D3: =$I3*D$3 -> 60 | E3: =$I3*E$3 -> 80 | F3: =$I3*F$3 -> 100
A4: 30 | B4: =$I4*B$3 -> 30 | C4: =$I4*C$3 -> 60 | D4: =$I4*D$3 -> 90 | E4: =$I4*E$3 -> 120 | F4: =$I4*F$3 -> 150
A5: 40 | B5: =$I5*B$3 -> 40 | C5: =$I5*C$3 -> 80 | D5: =$I5*D$3 -> 120 | E5: =$I5*E$3 -> 160 | F5: =$I5*F$3 -> 200
A6: 50 | B6: =$I6*B$3 -> 50 | C6: =$I6*C$3 -> 100 | D6: =$I6*D$3 -> 150 | E6: =$I6*E$3 -> 200 | F6: =$I6*F$3 -> 250

Sheet Sheet5

Sheet Sheet3
B1: JAN | C1: FEB | D1: MAR | E1: APR
A2: Person A | B2: 739 | C2: 324 | D2: 2414 | E2: 5457
A3: Person B | B3: 678 | C3: 8887 | D3: 8920 | E3: 4358
A4: Person C | B4: 432 | C4: 5776 | D4: 3457 | E4: 9654
A5: Person D | B5: 544 | C5: 6567 | D5: 4567 | E5: 7898

Sheet Sheet6
A1: Column1 | B1: JAN | C1: FEB | D1: MAR | E1: APR
A2: Person A | B2: 739 | C2: 324 | D2: 2414 | E2: 5457
A3: Person B | B3: 678 | C3: 8887 | D3: 8920 | E3: 4358
A4: Person C | B4: 432 | C4: 5776 | D4: 3457 | E4: 9654
A5: Person D | B5: 544 | C5: 6567 | D5: 4567 | E5: 7898 | I5: Column1

Sheet consolidate
B1: JAN | C1: FEB | D1: MAR | E1: APR
B2: =Sheet3!$B$2 -> 739 | C2: =Sheet3!$C$2 -> 324 | D2: =Sheet3!$D$2 -> 2414 | E2: =Sheet3!$E$2 -> 5457
B3: =Sheet6!$B$2 -> 739 | C3: =Sheet6!$C$2 -> 324 | D3: =Sheet6!$D$2 -> 2414 | E3: =Sheet6!$E$2 -> 5457
A4: Person A | B4: =SUM(B2:B3) -> 1478 | C4: =SUM(C2:C3) -> 648 | D4: =SUM(D2:D3) -> 4828 | E4: =SUM(E2:E3) -> 10914
B5: =Sheet3!$B$3 -> 678 | C5: =Sheet3!$C$3 -> 8887 | D5: =Sheet3!$D$3 -> 8920 | E5: =Sheet3!$E$3 -> 4358
B6: =Sheet6!$B$3 -> 678 | C6: =Sheet6!$C$3 -> 8887 | D6: =Sheet6!$D$3 -> 8920 | E6: =Sheet6!$E$3 -> 4358
A7: Person B | B7: =SUM(B5:B6) -> 1356 | C7: =SUM(C5:C6) -> 17774 | D7: =SUM(D5:D6) -> 17840 | E7: =SUM(E5:E6) -> 8716
B8: =Sheet3!$B$4 -> 432 | C8: =Sheet3!$C$4 -> 5776 | D8: =Sheet3!$D$4 -> 3457 | E8: =Sheet3!$E$4 -> 9654
B9: =Sheet6!$B$4 -> 432 | C9: =Sheet6!$C$4 -> 5776 | D9: =Sheet6!$D$4 -> 3457 | E9: =Sheet6!$E$4 -> 9654
A10: Person C | B10: =SUM(B8:B9) -> 864 | C10: =SUM(C8:C9) -> 11552 | D10: =SUM(D8:D9) -> 6914 | E10: =SUM(E8:E9) -> 19308
B11: =Sheet3!$B$5 -> 544 | C11: =Sheet3!$C$5 -> 6567 | D11: =Sheet3!$D$5 -> 4567 | E11: =Sheet3!$E$5 -> 7898
B12: =Sheet6!$B$5 -> 544 | C12: =Sheet6!$C$5 -> 6567 | D12: =Sheet6!$D$5 -> 4567 | E12: =Sheet6!$E$5 -> 7898
A13: Person D | B13: =SUM(B11:B12) -> 1088 | C13: =SUM(C11:C12) -> 13134 | D13: =SUM(D11:D12) -> 9134 | E13: =SUM(E11:E12) -> 15796
N16: Column1 | O16: Column2 | P16: Column3 | Q16: Column4 | R16: Column5
F21: Person C | G21: 432 | H21: 5776 | I21: 3457 | J21: =Sheet3!$B$2 -> 739 | K21: =Sheet3!$C$2 -> 324 | L21: =Sheet3!$D$2 -> 2414 | M21: =Sheet3!$E$2 -> 5457 | O21: 544 | P21: 6567 | Q21: 4567 | R21: 7898
F22: Person D | G22: 544 | H22: 6567 | I22: 4567 | J22: =Sheet6!$B$2 -> 739 | K22: =Sheet6!$C$2 -> 324 | L22: =Sheet6!$D$2 -> 2414 | M22: =Sheet6!$E$2 -> 5457
J23: =AVERAGE(J21:J22) -> 739 | K23: =AVERAGE(K21:K22) -> 324 | L23: =AVERAGE(L21:L22) -> 2414 | M23: =AVERAGE(M21:M22) -> 5457
J24: =Sheet3!$B$3 -> 678 | K24: =Sheet3!$C$3 -> 8887 | L24: =Sheet3!$D$3 -> 8920 | M24: =Sheet3!$E$3 -> 4358
J25: =Sheet6!$B$3 -> 678 | K25: =Sheet6!$C$3 -> 8887 | L25: =Sheet6!$D$3 -> 8920 | M25: =Sheet6!$E$3 -> 4358
J26: =AVERAGE(J24:J25) -> 678 | K26: =AVERAGE(K24:K25) -> 8887 | L26: =AVERAGE(L24:L25) -> 8920 | M26: =AVERAGE(M24:M25) -> 4358
J27: =Sheet3!$B$4 -> 432 | K27: =Sheet3!$C$4 -> 5776 | L27: =Sheet3!$D$4 -> 3457 | M27: =Sheet3!$E$4 -> 9654
J28: =Sheet6!$B$4 -> 432 | K28: =Sheet6!$C$4 -> 5776 | L28: =Sheet6!$D$4 -> 3457 | M28: =Sheet6!$E$4 -> 9654
J29: =AVERAGE(J27:J28) -> 432 | K29: =AVERAGE(K27:K28) -> 5776 | L29: =AVERAGE(L27:L28) -> 3457 | M29: =AVERAGE(M27:M28) -> 9654
J30: =Sheet3!$B$5 -> 544 | K30: =Sheet3!$C$5 -> 6567 | L30: =Sheet3!$D$5 -> 4567 | M30: =Sheet3!$E$5 -> 7898
J31: =Sheet6!$B$5 -> 544 | K31: =Sheet6!$C$5 -> 6567 | L31: =Sheet6!$D$5 -> 4567 | M31: =Sheet6!$E$5 -> 7898
J32: =AVERAGE(J30:J31) -> 544 | K32: =AVERAGE(K30:K31) -> 6567 | L32: =AVERAGE(L30:L31) -> 4567 | M32: =AVERAGE(M30:M31) -> 7898
E38: Person A | F38: 985.33333 | G38: 432 | H38: 3218.6667 | I38: 7276
E39: Person B | F39: 678 | G39: 8887 | H39: 8920 | I39: 4358
E40: Person C | F40: 432 | G40: 5776 | H40: 3457 | I40: 9654
E41: Person D | F41: 544 | G41: 6567 | H41: 4567 | I41: 7898
